Model,Params,Feats,Train,Validation,Test,Precision
logistic_regression,{'C': '1'},"X_stats, X_name, X_sample1, X_sample2",0.9438669682499791,0.8055867415129645,0.8128440366972477,"{'Datetime': 0.96, 'Sentence': 0.8666666666666667, 'Custom Object': 0.7538461538461538, 'URL': 0.6666666666666666, 'Numbers': 0.0, 'List': 0.0}"
logistic_regression,{'C': '10000'},X_stats,0.677111502052442,0.6713178294573644,0.6605504587155963,"{'Datetime': 0.6111111111111112, 'Sentence': 0.8888888888888888, 'Custom Object': 0.625, 'URL': 0.0, 'Numbers': 0.0, 'List': 0.0}"
logistic_regression,{'C': '1'},X_name,0.9201357124905755,0.7939053728949479,0.7908256880733945,"{'Datetime': 0.8888888888888888, 'Sentence': 0.875, 'Custom Object': 0.7666666666666667, 'URL': 0.6666666666666666, 'Numbers': 0.0, 'List': 0.0}"
logistic_regression,{'C': '1'},"X_stats, X_name",0.9311267487643462,0.789227479283614,0.8,"{'Datetime': 0.7666666666666667, 'Sentence': 0.8235294117647058, 'Custom Object': 0.8070175438596491, 'URL': 1.0, 'Numbers': 0.0, 'List': 0.0}"
logistic_regression,{'C': '10'},X_sample1,0.8778989695903494,0.7431435445068164,0.8128440366972477,"{'Datetime': 0.9230769230769231, 'Sentence': 0.9411764705882353, 'Custom Object': 0.7777777777777778, 'URL': 1.0, 'Numbers': 0.0, 'List': 0.0}"
logistic_regression,{'C': '1'},"X_name, X_sample1",0.9380732177263968,0.8102646351242984,0.8311926605504587,"{'Datetime': 0.9259259259259259, 'Sentence': 0.8823529411764706, 'Custom Object': 0.7741935483870968, 'URL': 1.0, 'Numbers': 0.0, 'List': 0.0}"
logistic_regression,{'C': '100000'},"X_stats, X_sample1",0.8859931306023288,0.7406308473670141,0.7376146788990826,"{'Datetime': 0.896551724137931, 'Sentence': 0.5833333333333334, 'Custom Object': 0.7441860465116279, 'URL': 0.18181818181818182, 'Numbers': 0.0, 'List': 0.0}"
logistic_regression,{'C': '1'},"X_stats, X_name, X_sample1",0.9415481276702689,0.803314621758888,0.8220183486238533,"{'Datetime': 0.96, 'Sentence': 0.8421052631578947, 'Custom Object': 0.7741935483870968, 'URL': 1.0, 'Numbers': 0.0, 'List': 0.0}"
